{
    "dim": 2,
    "direction_type": 1,
    "dynamics": [
      "-0.4*x0^2*((0.0003*x1^2+0.008) / (0.2*x0^2 + 2.00001)) + 0.012 + (0.0000003 * (54660 - 5000.006*x0) * (0.2*x0^2 + 2.00001)) / (0.00036*x1^2 + 0.00960018 + 0.000000018*x0^2)",
      "-0.0006*x1^2 + (0.000000006*x1^2 + 0.00000016) / (0.2*x0^2 + 2.00001) + (0.0015015*x0*(0.2*x0^2 + 2.00001)) / (0.00036*x1^2 + 0.00960018 + 0.000000018*x0^2)"
   ],
    "init_coeff": [
        [
            1,
            0
        ],
        [
            -1,
            0
        ],
        [
            0,
            1
        ],
        [
            0,
            -1
        ]
    ],
    "init_col": [
        [
            2
        ],
        [
            -1
        ],
        [
            26
        ],
        [
            -25
        ]
    ],
    "is_linear": [
        false,
        false
    ],
    "opvars": [
        0,
        1
    ],
    "sampling_time": 0.125,
    "start_epsilon": 1e-05,
    "state_variables": [
        "x0",
        "x1"
    ],
    "time_horizon": 150,
    "scaling_per": 0.2,
    "scaling_cutoff": 1e-2,
    "pseudo_var": false,
    "simu_model": "lacoperon"
}
